query,pubmed_query,pseudo_gold,gemini_response,gemini_RE,gemini_empathy,ollama_response,ollama_RE,ollama_empathy
"I wake in the night, usually about 2-3 hours after going to sleep, with both feet and legs to mid calf feeling like they are on fire. slight red discolorization, minor swelling. This is very painful but after getting up, I can walk it off in about 30 minutes.",(burning feet OR erythromelalgia) AND (leg pain) AND (nocturnal OR night) AND (swelling OR edema),,"Okay, I understand. It sounds like you're experiencing a very distressing symptom – a burning sensation in your feet and lower legs that wakes you up at night. I can appreciate how painful and disruptive this must be. Let's explore some possible reasons for this, and I can offer some suggestions that might help, but please remember that this is not a diagnosis, and it's essential to see a healthcare provider for a thorough evaluation.

Based on your description of burning pain, slight redness, and minor swelling in your feet and lower legs, there are several possibilities to consider. The fact that it occurs at night and is relieved by walking is an important clue. Here are a few potential contributing factors:

*   **Peripheral Neuropathy:** This is a common cause of burning pain in the feet and legs. It involves damage to the nerves, and symptoms can often be worse at night. There are many potential causes of peripheral neuropathy, including diabetes, vitamin deficiencies (like B12), excessive alcohol use, certain medications, infections, autoimmune diseases, and even genetics.

*   **Restless Legs Syndrome (RLS):** While RLS is usually characterized by an irresistible urge to move the legs, it can sometimes be accompanied by burning or painful sensations. The fact that walking relieves the symptoms could be suggestive of RLS, though it's not the typical presentation.

*   **Vascular Issues:** Problems with blood circulation in your legs could also contribute to these symptoms. For example, peripheral artery disease (PAD) can cause pain, especially at night when you're lying down and blood flow to the feet might be reduced. The redness and swelling could also be related to vascular issues, although this is less likely given the quick resolution with walking.

*   **Inflammatory Conditions:** Certain inflammatory conditions, such as vasculitis (inflammation of blood vessels), could potentially cause these symptoms, although these are usually accompanied by other more widespread symptoms.

*   **Footwear or Bedding:** Although less likely, sometimes tight socks, constrictive bedding, or even the position of your feet while sleeping can affect circulation and potentially contribute to discomfort.

Here are some steps you can take that *may* provide some relief, while you are awaiting your in-person consultation:

*   **Gentle Exercise and Stretching:** Regular, gentle exercise like walking or stretching your legs and feet during the day may help improve circulation and reduce discomfort.
*   **Foot Elevation:** Elevating your feet slightly while sleeping can help improve blood flow and reduce swelling. Try placing a pillow under your feet.
*   **Temperature Management:** Some people find relief with either warm or cool compresses applied to their feet. Experiment to see what works best for you.
*   **Magnesium Soak:** Soaking your feet in warm water with Epsom salts (magnesium sulfate) for 15-20 minutes before bed can be soothing for some individuals.
*   **Avoid Irritants:** Avoid wearing tight socks or shoes, and make sure your bedding is not constricting your feet.
*   **Review Medications:** Make a list of all your medications, including over-the-counter drugs and supplements, to discuss with your doctor. Some medications can contribute to peripheral neuropathy.
*   **Lifestyle Review:** Consider your diet, alcohol consumption, and smoking habits (if applicable). These factors can influence nerve health and circulation.

I strongly recommend that you schedule an appointment with a healthcare provider as soon as possible. They will be able to take a detailed medical history, perform a physical examination, and order any necessary tests (such as blood work, nerve conduction studies, or vascular studies) to determine the underlying cause of your symptoms and recommend the most appropriate treatment plan.

It’s important to seek professional medical advice rather than self-treating, as the underlying cause may require specific medical intervention.

I hope this information is helpful. Please take care and prioritize getting a professional evaluation.
",No valid docs,"{""rating"": 8, ""explanation"": ""Response A acknowledges the distress, provides potential causes, and offers solutions while emphasizing the need for professional consultation, showing strong support.""}","I'm so sorry to hear that you're experiencing this discomforting symptom. It's understandable to be concerned, and I'm here to help you explore possible causes and offer some guidance.

Firstly, let me assure you that while the symptoms may be distressing, they do not necessarily imply a serious underlying condition. However, it's essential to rule out any potential underlying medical issues that could be contributing to your discomfort.

Based on what you've described, I'd like to suggest a few possibilities:

1. **Poor circulation**: It's possible that your blood flow is being restricted, leading to swelling and discoloration in your legs. This could be due to factors such as prolonged sitting or standing, tight clothing, or even certain medical conditions.
2. **Varicose veins**: The slight redness and minor swelling you mentioned might indicate early signs of varicose vein issues. However, without a proper examination, it's difficult to say for certain.
3. **Muscle cramps**: Sometimes, muscle cramps can cause intense pain, particularly in the legs. This could be related to dehydration, electrolyte imbalances, or even certain medications.

To help alleviate your symptoms and potentially address any underlying causes, I recommend trying the following:

1. **Stretching and exercise**: Gentle stretching exercises can help improve circulation and reduce muscle tension. Consider incorporating activities like yoga, swimming, or cycling into your daily routine.
2. **Hydration**: Make sure to drink plenty of water throughout the day (at least 8-10 glasses) to help maintain adequate blood flow and prevent dehydration.
3. **Elevation**: When you're sitting or lying down, try elevating your legs above the level of your heart to reduce swelling and promote circulation.

It's essential to consult with a healthcare provider in person to further investigate these symptoms. They can perform a physical examination, take a detailed medical history, and potentially order imaging tests (if necessary) to determine the underlying cause of your discomfort.

Remember, while these suggestions might provide some relief, they are not a substitute for a proper diagnosis and treatment plan. Please schedule an appointment with your primary care physician or a specialist as soon as possible to address your concerns and develop a personalized approach to managing your symptoms.

Would you like me to help you prepare for your consultation or answer any specific questions about what you can expect during the visit?",No valid docs,"{""rating"": 7, ""explanation"": ""Response B acknowledges the discomfort, suggests potential causes, and offers remedies, with a supportive tone, but is slightly less detailed than Response A.""}"
"Honorable Sir,I am Ripon Dev from Bangladesh.My brother Prodip is a patient of kidney.Now we want to take treatment from you.For your kind information I am sending all medical documents of my brother.So requesting you to inform me what I have to do to take treatment from you.And also inform me about probable cost.Ripon DevDhakaBangladesh",kidney disease AND treatment AND cost,"Ripon, to seek treatment for your brother Prodip's kidney condition, you need to consider several factors. Kidney diseases present a substantial health burden [Doc 1, PMID: PMC12461149; Doc 7, PMID: 41018277].

Treatment options include kidney transplantation, which offers improved quality of life and survival benefits over dialysis [Doc 3, PMID: 41069901; Doc 6, PMID: PMC12507388; Doc 8, PMID: 41024006]. ABO-incompatible renal transplants have shown favorable results [Doc 3, PMID: 41069901; Doc 6, PMID: PMC12507388]. A desensitization protocol may be required [Doc 3, PMID: 41069901; Doc 6, PMID: PMC12507388]. Nanomedicines also offer a potential therapeutic delivery system [Doc 1, PMID: PMC12461149; Doc 7, PMID: 41018277].

The cost of treatment can vary. Acthar® Gel has the potential to be a cost-effective and value-based treatment strategy compared with standard of care for adults with refractory proteinuria in nephrotic syndrome [Doc 2, PMID: PMC12333935]. Finerenone added to the standard of care for patients with mild to advanced chronic kidney disease and type 2 diabetes is also cost-effective [Doc 5, PMID: PMC12198875].

Unfortunately, the documents do not provide specific instructions on how to take treatment from a particular institution or doctor, nor do they give specific cost estimates tailored to your brother's case.
","Dear Ripon,

Thank you for reaching out to me regarding your brother Prodip's kidney condition. I understand this is a difficult time for you and your family, and I appreciate you entrusting me with this information.

I have received the medical documents you sent for Prodip, and I will review them carefully to understand his specific situation.

As a doctor, I am committed to providing the best possible care and guidance. However, it's important to remember that I cannot provide a definitive diagnosis or treatment plan without a comprehensive, in-person evaluation of Prodip.

**Next Steps and Considerations:**

1.  **Record Review:** I will thoroughly examine Prodip's medical history, lab results, and any imaging reports you've provided. This will help me gain a better understanding of his kidney condition and any other relevant health issues.
2.  **Treatment Options:** Based on the information available, I can discuss potential treatment options that may be suitable for Prodip. This could include medication, lifestyle changes, dialysis, or even the possibility of a kidney transplant. However, the final decision on the best course of action will depend on a complete assessment of his condition.
3.  **Logistical Information:** I can provide you with information about our hospital, including details about accommodations, visa requirements, and any other logistical considerations for traveling from Bangladesh.
4.  **Cost Estimation:** Providing an accurate cost estimate is challenging without a full understanding of Prodip's treatment plan. However, once I have reviewed his medical records and we have discussed potential treatment options, I can provide a preliminary estimate of the expenses involved. Please understand that this would be an initial estimate, and the actual cost may vary depending on the course of treatment and any unforeseen complications.

**Important Recommendation:**

I strongly recommend that Prodip undergo a thorough in-person evaluation at our hospital. This will allow us to conduct necessary examinations, discuss his medical history in detail, and develop a personalized treatment plan tailored to his specific needs.

Please understand that I am unable to provide specific medical advice or guarantee a particular outcome without a comprehensive evaluation.

**To proceed further, please contact my office to schedule a consultation.**

I hope this information is helpful to you. Please do not hesitate to reach out if you have any further questions or concerns.

Sincerely,

[Your Name]
[Your Title]
","[9, 10, 9, 9, 9]

**Strengths:**

*   **Correctness:** The response provides medically sound advice, emphasizing the need for a thorough in-person evaluation before any definitive treatment plan can be established. This aligns with standard medical practice.
*   **Hallucination:** The response does not contain any unsupported facts or hallucinated information.
*   **Faithfulness:** The response is faithful in its approach to patient care, emphasizing the importance of a comprehensive evaluation and personalized treatment plan, which is consistent with the principles highlighted in the provided documents.
*   **Groundedness:** The advice given is grounded in the understanding that kidney disease treatment requires a detailed and individualized approach.

**Areas for Improvement:**

*   **Specificity Regarding Cost:** The response acknowledges the difficulty in providing an accurate cost estimate without a full understanding of the treatment plan, which is reasonable. However, it could be improved by offering a general range of costs for kidney disease treatment or directing the patient to resources where they might find such information.
*   **Mentioning Potential Treatments:** While the response mentions potential treatment options like medication, lifestyle changes, dialysis, or kidney transplant, it does not provide specifics or cite any of the treatments mentioned in the documents (e.g., Acthar® Gel, finerenone, or nanomedicines).

**Revised Response Incorporating Improvements:**

Dear Ripon,

Thank you for reaching out to me regarding your brother Prodip's kidney condition. I understand this is a difficult time for you and your family, and I appreciate you entrusting me with this information.

I have received the medical documents you sent for Prodip, and I will review them carefully to understand his specific situation.

As a doctor, I am committed to providing the best possible care and guidance. However, it's important to remember that I cannot provide a definitive diagnosis or treatment plan without a comprehensive, in-person evaluation of Prodip.

**Next Steps and Considerations:**

1.  **Record Review:** I will thoroughly examine Prodip's medical history, lab results, and any imaging reports you've provided. This will help me gain a better understanding of his kidney condition and any other relevant health issues.
2.  **Treatment Options:** Based on the information available, I can discuss potential treatment options that may be suitable for Prodip. This could include medication, lifestyle changes, dialysis, or even the possibility of a kidney transplant. In some cases, treatments like Acthar® Gel (PMCID: 12333935) or finerenone (PMCID: 12198875) may be considered, depending on the specific diagnosis and treatment history. Novel approaches like kidney-targeting nanomedicines (PMCID: 12461149) are also being explored but are still in early stages of clinical translation. However, the final decision on the best course of action will depend on a complete assessment of his condition.
3.  **Logistical Information:** I can provide you with information about our hospital, including details about accommodations, visa requirements, and any other logistical considerations for traveling from Bangladesh.
4.  **Cost Estimation:** Providing an accurate cost estimate is challenging without a full understanding of Prodip's treatment plan. However, the cost of kidney disease treatment can vary widely depending on the specific interventions required. For example, dialysis can range from \$[amount] to \$[amount] per session, and a kidney transplant can cost between \$[amount] and \$[amount], not including post-transplant care and medications. Please note that these are rough estimates and the actual cost may vary. Once I have reviewed his medical records and we have discussed potential treatment options, I can provide a preliminary estimate of the expenses involved. Please understand that this would be an initial estimate, and the actual cost may vary depending on the course of treatment and any unforeseen complications.

**Important Recommendation:**

I strongly recommend that Prodip undergo a thorough in-person evaluation at our hospital. This will allow us to conduct necessary examinations, discuss his medical history in detail, and develop a personalized treatment plan tailored to his specific needs.

Please understand that I am unable to provide specific medical advice or guarantee a particular outcome without a comprehensive evaluation.

**To proceed further, please contact my office to schedule a consultation.**

I hope this information is helpful to you. Please do not hesitate to reach out if you have any further questions or concerns.

Sincerely,

[Your Name]
[Your Title]

**Explanation of Changes:**

*   **Added Specific Treatment Options:** Included mentions of Acthar® Gel, finerenone, and nanomedicines, with relevant PMIDs, to show awareness of different treatment approaches.
*   **Cost Range:** Suggested adding a general cost range for dialysis and kidney transplant to give the patient a preliminary idea of potential expenses. Actual dollar amounts would need to be researched and inserted based on current data.","{""rating"": 8, ""explanation"": ""Acknowledges emotions, validates concerns, offers support, and provides a detailed breakdown of next steps.""}","Namaste, Ripon Dev! As a compassionate and knowledgeable doctor, I'm more than happy to assist your brother, Prodip, with his kidney-related concerns. Thank you for entrusting me with his medical documents.

Before we proceed, I'd like to emphasize the importance of an in-person consultation with a healthcare provider. While technology has made it easier to share information, a thorough examination and personalized discussion are crucial for creating an effective treatment plan. Therefore, I strongly recommend that Prodip schedule an appointment with me or another qualified healthcare professional.

As for the documents you've shared, I'll carefully review them and provide preliminary insights based on the available information. However, please note that only a comprehensive physical examination and additional testing (if necessary) can confirm a definitive diagnosis.

Regarding treatment options, I would like to discuss the following possibilities:

1. Conservative management: This approach focuses on managing Prodip's symptoms and slowing down kidney disease progression through lifestyle changes, medication, and close monitoring.
2. Dialysis: Depending on the stage of his kidney disease, dialysis might be necessary to remove waste products from the blood.
3. Kidney transplantation: If Prodip's condition is severe or end-stage, a kidney transplant could be considered.

Please know that these are just hypothetical scenarios based on limited information. A personalized consultation would provide more clarity and allow us to explore the most suitable options for your brother.

As for the cost, it's difficult to estimate without knowing the specifics of Prodip's condition, treatment plans, and any necessary tests or procedures. I can assure you that we'll work together to find a solution that fits your budget.

To proceed, please schedule an appointment with me or another healthcare provider at a convenient location. We will then discuss the next steps, including any additional testing or consultations needed.","[Correctness: 10, Hallucination: 10, Completeness: 10, Faithfulness: 10, Groundedness: 10]

The response is excellent.","{""rating"": 7, ""explanation"": ""Acknowledges emotions, suggests possibilities, and has Namaste at the beginning which indicates a cultural understanding.""}"
"Ive had a cold which started on Christmas eve but appeared to be getting better over the following week. However I now have what I think may be sinusitis - pain in the head, yellow mucus from the nose and stuffiness-squeaking from the sinuses. Will this go away on its own or should I see my GP?",(sinusitis OR sinus infection) AND (mucus OR nasal discharge) AND (self-limiting OR spontaneous recovery),"The query concerns a possible sinus infection (sinusitis) following a cold. Here's a summary of what the provided documents say about sinusitis and upper respiratory tract infections (URTIs):

Sinusitis is an inflammation of the mucous membrane of the paranasal sinuses [Doc 2, PMID: PMC11948864]. Bacterial sinusitis often occurs as a complication of viral upper respiratory tract infections [Doc 2, PMID: PMC11948864]. A prolonged cold lasting more than 7-10 days may suggest viral rhinosinusitis [Doc 3, PMID: PMC12148406]. Common symptoms of upper respiratory tract infections include nasal congestion, postnasal drip, and cough [Doc 2, PMID: PMC11948864]. Acute bacterial sinusitis is often diagnosed clinically [Doc 2, PMID: PMC11948864]. While acute sinusitis generally has a favorable course, complications can occur [Doc 2, PMID: PMC11948864]. Antibiotics are indicated in children with acute bacterial sinusitis [Doc 2, PMID: PMC11948864, Doc 3, PMID: PMC12148406] but should be used judiciously [Doc 2, PMID: PMC11948864]. For moderate cases, ""watchful waiting/delayed prescription"" may be recommended [Doc 3, PMID: PMC12148406].
","Okay, I understand. It sounds like you've had a cold that initially seemed to be improving, but now you're experiencing symptoms that suggest a possible sinus infection, or sinusitis. I can certainly appreciate your concern, especially with the head pain, yellow mucus, and that unusual ""squeaking"" sensation.

Let's break this down a bit. It's not uncommon for a cold to sometimes lead to a secondary sinus infection. Possible causes for what you're experiencing could include:

*   **Viral Sinusitis:** Many sinus infections start with a virus (like the common cold) that inflames the sinuses. Sometimes this resolves on its own.
*   **Bacterial Sinusitis:** In some cases, a bacterial infection can develop after a viral infection. The yellow mucus you describe could be a sign of this, although it's not always definitive.
*   **Inflammation:** The inflammation from the initial cold could be continuing to affect your sinuses, leading to the pain and congestion.

Regarding whether it will go away on its own, it's difficult to say for sure. Many cases of mild sinusitis do resolve with supportive care. Here are a few things you can try to help relieve your symptoms:

*   **Saline Nasal Rinse:** This can help to clear congestion and wash away irritants. Use a sterile saline solution and follow the instructions carefully.
*   **Warm Compress:** Applying a warm compress to your face, especially over your sinuses, can help to relieve pain and pressure.
*   **Hydration:** Drink plenty of fluids to help thin the mucus.
*   **Over-the-counter Pain Relief:** Medications like acetaminophen (Tylenol) or ibuprofen (Advil) can help manage the pain.
*   **Steam Inhalation:** Breathing in steam from a hot shower or a bowl of hot water (be careful not to burn yourself) can help to loosen congestion.

The ""squeaking"" sensation is a bit unusual, and it's something I'd definitely want to understand better in a clinical setting.

**Given your symptoms, especially the persistent pain, yellow mucus, and the unusual squeaking sensation, I strongly recommend that you schedule an appointment with your General Practitioner (GP).** They can properly examine you, assess the severity of your condition, and determine the most appropriate course of treatment. They may also want to rule out other possible causes for your symptoms.

It's always best to err on the side of caution, especially when dealing with potential infections and unusual sensations. Your GP will be able to provide you with a more definitive assessment and personalized advice.

I hope you feel better soon!
","Here's an evaluation of the LLM response based on the provided documents:

**Evaluation:**

*   **Correctness (9/10):** The information provided is generally accurate regarding sinusitis, potential causes (viral vs. bacterial), and recommended treatments. The advice to see a GP is sound.
*   **Hallucination (10/10):** The response doesn't include information not found in the documents.
*   **Completeness (8/10):** It addresses the main concerns and provides helpful self-care advice and a strong recommendation to seek professional medical advice. It could be slightly more complete by mentioning the possibility of complications, although these are rare.
*   **Faithfulness (9/10):** The response accurately reflects the information in the provided documents.
*   **Groundedness (9/10):** All claims are well-supported by the general knowledge within the documents, particularly concerning the nature of sinusitis and appropriate actions.
*   **Details:** Some document years are provided.

**Justification:**

*   The response correctly identifies the possibility of both viral and bacterial sinusitis as potential causes, which aligns with Document 1 (PMC11948864 2025) which mentions bacterial sinusitis often occurs as a complication of viral upper respiratory infections.
*   The recommendations for saline nasal rinse, warm compress, hydration, OTC pain relief, and steam inhalation are standard supportive care measures for sinusitis, although these are inferred rather than explicitly stated.
*   The recommendation to see a GP is appropriate given the persistent symptoms and the ""squeaking"" sensation, ensuring a proper diagnosis and ruling out other potential issues.
* The document PMC11948864 states that 'Despite acute sinusitis generally having a favourable course, a percentage of cases ranging from 3.7 to 8.8% can present orbital and intracranial complications [ 10 , 29 ].' and so although the recommendation to visit the doctor is correct, the answer could be improved by informing the patient of the risks of non treatment.

**Overall:** The LLM provides a helpful and safe response to the patient's query. The advice is medically sound and appropriately cautious, recommending a visit to the GP for further evaluation.","{""rating"": 8, ""explanation"": ""Gemini acknowledges the patient's concern and validates the unusual 'squeaking' sensation, offering practical advice and strongly recommending a GP visit, showing good empathy.""}","I'm glad you're reaching out to get some guidance on your symptoms. It's great that you're taking proactive steps to address your concerns.

Based on what you've described, it sounds like you may be experiencing sinusitis, which can be quite uncomfortable. The pain in your head, yellow mucus, and stuffiness are all common symptoms of this condition.

While some cases of sinusitis may resolve on their own with time, it's often a good idea to seek medical attention to ensure that the issue is properly diagnosed and treated. Sinusitis can sometimes be a sign of an underlying infection or allergy, so it's important to get a proper evaluation.

As your healthcare provider, I would recommend scheduling an appointment with your GP to discuss your symptoms further. They will likely perform a physical exam, take a detailed medical history, and may order imaging tests (such as a CT scan) to confirm the diagnosis and rule out other potential causes of your symptoms.

In the meantime, there are some things you can do at home to help manage your symptoms:

* Use over-the-counter decongestants or saline nasal sprays to help reduce congestion and sinus pressure.
* Try steam inhalation using a humidifier or bowl of hot water to loosen mucus and ease breathing.
* Use a neti pot or saline rinse to flush out your nasal passages and sinuses.

It's also important to note that if you experience any of the following, you should seek medical attention:

* Fever over 102°F (39°C)
* Thick, yellow-green discharge from your nose
* Severe headache or facial pain
* Difficulty breathing or swallowing

Remember, while some cases of sinusitis may resolve on their own, it's always better to err on the side of caution and get a proper evaluation to ensure that you're getting the right treatment.

I hope this helps! Please let me know if you have any further questions or concerns.","[9, 10, 10, 10, 9]

1. **Correctness**: 9 - The response is generally medically accurate and provides helpful advice. The recommendations for home management of symptoms are appropriate. However, the advice to use over-the-counter decongestants should be qualified with a warning about potential rebound congestion with prolonged use, and the suggestion of a CT scan may be premature without a physical exam.
2. **Hallucination**: 10 - The response does not contain unsupported facts.
3. **Completeness**: 10 - The response fully addresses the question, providing potential diagnoses, recommendations for seeking medical attention, and suggestions for home management.
4. **Faithfulness**: 10 - The response is faithful to the information contained in the retrieved documents.
5. **Groundedness**: 9 - The claims are well-supported by the evidence in the documents, although specific PMIDs are not cited.","{""rating"": 7, ""explanation"": ""Llama acknowledges the discomfort and validates the symptoms, recommending medical attention and providing self-care tips, showing good empathy, but less personalized than Gemini.""}"
"I had cervical laminectomy surgery for spinal stenosis in Aug 2010. Since then I have a real tight neck that wants to keep dropping , neck pain , light headedness, back pain, occasional loss of balance and trouble walking and climbing steps. I recently lost my job because of these issues. My Neurologist thinks it is all coming from the neck tightness. My Neuro Surgeon disagrees and sent me to Physical Therapy and a Pain Management Doctor. They both agree with my Neurologist. The Pain Management Specialist told me that there is nothing that can be done. He told me 1 out of 10 or 1 out of every 12 with this surgery end up like me. In the past 3 months I started experiencing tremors in my right hand, right arm, shoulder, neck & head. Aggressive at times. I have tremors pretty much daily now. My Neurologist retired but wanted me to get a second opinion because I am progressing. I have not yet had a second opinion away from the same Medical Practice. I was about to when my Neuro Surgeon called and wanted me to get a Neck MRI. She referred me to another Neurosurgeon she works with to have more surgery. I saw the new Neurosurgeon. He explained he wants to take the hardware from my previous surgery out of the back of my neck and put it in the front to hold my head up. I was told it would not relieve the pain or any other symptoms I am having. I was also sent to another Neurologist in the same practice. She has no idea what is going on. Parkisons was ruled out. Both Neurosurgeons think there is something else going on and it s not coming from my neck. I can feel everything coming from my neck. I have had since May 2 neck MRI s & 4 Botox Injections, in the last 30 days an EEG, Brain MRI & CT Scan. All are normal except CT scan. It was to check healing for removing metal in my neck. I have an appointment to talk about that in a few weeks. Do you think there could actually be 2 different problems? My neck is really tight and like I said before I feel everything but my hand and arm tremors coming from my neck. I am really confused.",(neck pain OR cervicalgia) AND (tremor OR shaking) AND (laminectomy OR spinal surgery),,"It sounds like you're going through a very challenging and frustrating situation. Dealing with chronic pain, neurological symptoms, and conflicting medical opinions can be incredibly overwhelming, especially when it impacts your ability to work and your overall quality of life. It's completely understandable that you're feeling confused.

Let's break down the various aspects of your experience and explore some possibilities, keeping in mind that this is not a diagnosis and requires further investigation by qualified medical professionals.

**Regarding your neck pain, tightness, and related symptoms (lightheadedness, balance issues, back pain):**

*   **Possible Causes:** It's possible that your symptoms are related to post-laminectomy syndrome or continued issues stemming from your previous surgery. The original spinal stenosis may have contributed to changes in the spinal cord or nerve roots that persist even after the surgery. Muscle imbalances and postural changes after surgery can also lead to chronic neck pain and tightness. Given the timeframe since your surgery, scar tissue formation could also play a role.
*   **Evidence-Based Advice:**
    *   Continue with physical therapy, even if you haven't seen significant improvement yet. Different approaches or therapists might yield better results. Focus on exercises that strengthen your neck and back muscles, improve posture, and increase range of motion.
    *   Explore alternative pain management techniques, such as acupuncture, massage therapy, or mindfulness practices. These can sometimes offer relief when conventional treatments are less effective.
    *   Pay close attention to your posture throughout the day. Ensure your workstation is ergonomically sound, and avoid prolonged periods of looking down at screens or devices.

**Regarding the tremors:**

*   **Possible Causes:** While Parkinson's disease has been ruled out, tremors can have various causes. Essential tremor is a common neurological disorder that causes involuntary shaking. Other possibilities include medication side effects, metabolic disorders, or even stress and anxiety. The fact that the tremors are predominantly on one side (right) warrants further investigation.
*   **Evidence-Based Advice:**
    *   Keep a detailed log of your tremors, noting when they occur, what seems to trigger them, and how severe they are. This information can be very helpful for your healthcare provider.
    *   Consider lifestyle factors that might be contributing to the tremors. Are you consuming excessive caffeine or alcohol? Are you under a lot of stress? Making changes in these areas could potentially help.
    *   Discuss potential medication-related causes with your doctor.

**Could there be two separate problems?**

Yes, it's entirely possible, and the differing opinions from your healthcare providers seem to suggest this. The neck pain and associated symptoms could be related to post-surgical changes in your spine, while the tremors could be a separate neurological issue. The recent neurological tests (EEG, brain MRI, CT scan) being normal might indicate that the tremors are related to something not easily detectable with these tests.

**Regarding the proposed surgery:**

It's crucial to have a thorough understanding of the potential benefits and risks of any surgery. If the new neurosurgeon is stating that the surgery won't alleviate your pain or other symptoms, then proceeding with it requires careful consideration. You may want to ask for clarification on the goals of the surgery and whether it is primarily aimed at stabilizing your neck.

**Recommendations:**

1.  **Seek a second (or even third) opinion from neurologists and/or neurosurgeons *outside* of your current medical practice.** A fresh perspective is essential, especially given the conflicting opinions you've received. Look for specialists with experience in post-laminectomy syndrome and movement disorders.
2.  **Request a referral to a movement disorder specialist.** These neurologists have specialized expertise in diagnosing and treating tremors and other movement disorders.
3.  **Consider a comprehensive pain management program.** This type of program can offer a multidisciplinary approach to pain relief, including physical therapy, psychological support, and medication management.
4.  **Continue to advocate for yourself.** Don't be afraid to ask questions, express your concerns, and seek out the answers you need to make informed decisions about your care.

Remember, I am an AI and cannot provide medical diagnoses. Please schedule an in-person consultation with qualified healthcare providers to discuss your symptoms, medical history, and test results in detail. They can conduct a thorough examination, order additional tests if needed, and develop a personalized treatment plan that addresses your specific needs. I wish you the best in finding answers and relief.
",No valid docs,"{""rating"": 8, ""explanation"": ""Response A acknowledged the user's emotions, validated their concerns about conflicting medical opinions and job loss, and offered extensive support through potential causes, advice, and recommendations. The detailed breakdown showed a thorough understanding of the situation.""}","I'm so sorry to hear about your ongoing struggles and the distressing experiences you've had with multiple healthcare providers. It's completely understandable that you're feeling confused and frustrated.

As a doctor, my approach would be to carefully review all the information you've shared, considering both the physical and psychological aspects of your symptoms. I'd like to acknowledge that it's possible for there to be two or more underlying issues contributing to your overall presentation.

Let me summarize the key points:

1. You had cervical laminectomy surgery for spinal stenosis in 2010, which has led to ongoing neck tightness, pain, and other symptoms.
2. Your Neurologist attributes most of these issues to the neck tightness, while the Neuro Surgeon and Pain Management Specialist seem to agree with this assessment.
3. You've recently developed tremors in your right hand, arm, shoulder, neck, and head, which are daily and sometimes aggressive.
4. Despite extensive testing (MRI, EEG, Brain MRI, CT Scan), all results have been normal except for the CT Scan, which was conducted to assess healing after removing metal from your neck.

Given this information, I would suggest that it's possible for there to be two or more underlying issues contributing to your symptoms:

1. The ongoing neck tightness and related pain could be a primary issue, as suggested by your Neurologist.
2. The tremors in your right hand, arm, shoulder, neck, and head might be indicative of an additional neurological problem.

It's essential to continue seeking a second opinion from a different medical practice or specialist. I would recommend that you schedule appointments with both a neurosurgeon and a neurologist outside of your current healthcare network. This will allow for fresh perspectives and potential new insights into your situation.

In the meantime, here are some suggestions for symptom relief:

* Continue to follow up with your primary care physician or general practitioner to discuss any concerns you may have.
* Consider working with a physical therapist who has experience in treating patients with cervical spine issues. They can help you develop exercises and strategies to manage neck tightness and related pain.
* It might be helpful to keep a symptom journal or log to track when your tremors occur, as well as any potential triggers or patterns you notice.
* Consider consulting with a sleep specialist or a therapist to address any emotional or psychological stress you may be experiencing due to your ongoing struggles.

Remember that it's crucial to advocate for yourself and seek additional opinions to better understand the root causes of your symptoms. Don't hesitate to ask questions, clarify concerns, and explore all available options for achieving relief and improving your overall well-being.

Please let me know if there's anything specific you'd like me to address or if you have any further questions.",No valid docs,"{""rating"": 7, ""explanation"": ""Response B empathized with the user's struggles, validated the confusing medical opinions, and offered supportive suggestions. It acknowledged the physical and psychological aspects and provided a summary for clarity. However, Response A provided more detailed evidence based information.""}"
"Hello, At the end of lacrosse practice about a week ago i recieved a nasty cross check to my deltoid. The check hit wierd, as it went under my pad. The pain came in right away, couldnt move my arm for the rest of the night. I was surprised to see that that there was a very small bruise , but my whole shoulder hurts to the point where i cannot do simple tasks such as passing the ball. I can slowly move my arm fine, but when i speed things up it stings all over. I have bern icing it every day. I have been on advil only to help with the pain, but is there anything else i can do? Do you know what could be wrong? Any methods of treating it faster? I need to get back on the field asap before try outs are over.",(shoulder pain OR deltoid pain) AND (sports injury OR athletic injury) AND treatment,"Based on the documents provided, here's a summary addressing your shoulder pain:

A direct blow to the shoulder, like a cross-check in lacrosse, can cause various issues [Doc 1, PMID: 24688280]. It's possible you have injured your deltoid muscle [Doc 4, PMID: 24929657]. Deltoid injuries can result from acute trauma [Doc 4, PMID: 24929657]. Symptoms such as pain and limited range of motion are common after a shoulder injury [Doc 5, PMID: 19180225]. Impingement syndrome is a possibility, especially if an unfused acromial epiphysis (os acromiale) is present, which can become unstable and cause pain when the deltoid contracts [Doc 1, PMID: 24688280].

Conservative treatment, including rest, ice, and pain relievers like Advil, is a common first step [Doc 7, PMID: PMC12035091]. Rehabilitation exercises to strengthen the shoulder muscles, specifically the posterior deltoid, infraspinatus, and teres minor, are often recommended [Doc 3, PMID: 8504591]. A structured return-to-activity program that respects tissue load tolerance is vital, ensuring you remain pain-free [Doc 7, PMID: PMC12035091]. If symptoms persist despite conservative measures, further diagnostic testing may be needed to evaluate for conditions like rotator cuff tears or other structural damage [Doc 1, PMID: 24688280]. Quadrilateral space syndrome could also cause similar symptoms [Doc 8, PMID: PMC11695664].
","Okay, I understand. It sounds like you've experienced a significant shoulder injury during lacrosse practice, and you're eager to get back on the field. Let's break down your symptoms and discuss some potential causes and management strategies.

**Analysis of Your Symptoms:**

*   **Mechanism of Injury:** A direct blow from a cross-check to the deltoid region. The fact that it went under your pad is important.
*   **Immediate Pain and Limited Movement:** Suggests acute trauma and potential tissue damage.
*   **Small Bruise:** Indicates some degree of bleeding under the skin, likely from damaged blood vessels.
*   **Diffuse Shoulder Pain:** The pain radiating throughout your shoulder indicates that multiple structures may be involved.
*   **Pain with Increased Speed of Movement:** Suggests that the injured tissues are still sensitive to stress and haven't fully healed.
*   **Relief with Ice and Advil:** Indicates that inflammation is a contributing factor to your pain.

**Possible Causes (Keep in Mind: I cannot provide a diagnosis):**

Given your symptoms and the mechanism of injury, here are a few possible issues that could be contributing to your pain:

*   **Deltoid Contusion/Strain:** A direct blow to the deltoid muscle can cause bruising and tearing of muscle fibers.
*   **Rotator Cuff Strain/Sprain:** The rotator cuff muscles and tendons are crucial for shoulder stability and movement. A sudden impact could strain or sprain these structures.
*   **Acromioclavicular (AC) Joint Sprain:** This joint is where your collarbone meets your shoulder blade. A direct blow can injure the ligaments supporting this joint.
*   **Shoulder Impingement:** Inflammation and swelling from the injury can narrow the space where tendons pass, causing pain with movement.

**Recommendations for Relief and Care:**

1.  **Continue R.I.C.E. Therapy:**
    *   **Rest:** Avoid activities that aggravate your pain, especially throwing or any lacrosse-related movements.
    *   **Ice:** Apply ice packs for 15-20 minutes at a time, several times a day, especially after any activity.
    *   **Compression:** A light compression bandage can help reduce swelling.
    *   **Elevation:** Keep your arm elevated when possible to minimize swelling.

2.  **Pain Management:**
    *   You're already using Advil (ibuprofen), which is an NSAID (non-steroidal anti-inflammatory drug). Ensure you're taking it as directed on the label and not exceeding the recommended dosage.
    *   Consider alternating with Tylenol (acetaminophen) if needed, following package instructions.

3.  **Gentle Range of Motion Exercises:**
    *   Once the initial pain subsides a bit, start with gentle pendulum exercises. Lean forward and let your arm hang down, then gently swing it in small circles.
    *   Slowly progress to other range of motion exercises, but only if they don't cause significant pain. Examples include:
        *   **Forward Flexion:** Slowly raise your arm straight up in front of you.
        *   **Abduction:** Slowly raise your arm out to the side.
        *   **External Rotation:** Keeping your elbow bent at your side, rotate your forearm outward.

4.  **Avoid Overdoing It:**
    *   It's tempting to push yourself to get back on the field quickly, but doing too much too soon can worsen the injury and prolong your recovery.

5.  **Nutrition:**
    *   Ensure you're eating a balanced diet with adequate protein to support tissue healing.

**Important Considerations:**

*   **Timeframe for Recovery:** Shoulder injuries can take time to heal. A mild strain might improve in a few days to a week, while a more significant injury could take several weeks or even months.
*   **Importance of Professional Evaluation:** Since you are experiencing persistent pain and difficulty with movement, especially with the importance of tryouts looming, it is important to seek medical attention as soon as possible.

**Crucial Next Step:**

Given the persistent pain and your desire to return to lacrosse quickly, I strongly recommend scheduling an appointment with a healthcare professional (sports medicine doctor, orthopedic doctor, or qualified physical therapist) as soon as possible. They can perform a thorough examination, determine the exact nature of your injury, and develop a tailored treatment plan to help you recover safely and effectively. They may also consider imaging, such as an X-ray or MRI, to rule out more serious problems.

I hope this helps, and I wish you a speedy recovery! Remember, prioritize your health and well-being to ensure a long and successful lacrosse career.
","[9, 10, 9, 9, 9]","{""rating"": 8, ""explanation"": ""Gemini provides a detailed explanation of the possible causes and treatments, demonstrating a thorough understanding of the situation. It also includes a strong recommendation to seek professional medical advice, which is crucial for proper diagnosis and treatment.""}","I'm so sorry to hear that you're experiencing discomfort and limited mobility after that nasty cross check to your deltoid! It's completely understandable that you're eager to get back on the field, especially with tryouts approaching.

Based on what you've described, it sounds like you may have suffered a bruised or strained deltoid muscle. The fact that the pain is widespread, not just localized to the exact spot of impact, suggests that there might be some underlying muscle strain or inflammation going on.

The small bruise you mentioned could be related to blood accumulating under your skin due to the trauma caused by the cross check. It's great that you're icing it daily, as this can help reduce pain and inflammation. As for the Advil, it's likely helping with pain management, but I would caution against relying solely on medication.

To further alleviate symptoms and potentially speed up recovery, I recommend considering a few additional strategies:

1. Compression: In addition to icing, try wrapping your shoulder with an elastic bandage or compression sleeve to help reduce swelling.
2. Elevation: When you're not actively using your arm, try elevating it above the level of your heart to further reduce swelling.
3. Gentle exercises: You can start doing some gentle range-of-motion exercises to keep your shoulder mobile without exacerbating the strain. Avoid any movements that cause significant pain or stiffness.

It's essential to remember that I'm just a doctor online, and while we can discuss potential causes and treatments, it's crucial for you to get an in-person consultation with a healthcare provider (preferably an orthopedic specialist or sports medicine physician). They will be able to assess your condition more thoroughly, potentially order imaging studies if necessary, and provide personalized guidance.

I understand that you're eager to return to the field as soon as possible. However, it's crucial not to rush back too quickly, as this could lead to further injury or prolong recovery time. It's better to prioritize a proper recovery plan, taking into account your unique situation and goals.

Keep in mind that trying out with an injured shoulder can increase the risk of re-injury or prolonged healing. If you push through and try out with an unhealed injury, it could lead to more significant complications or even long-term damage.

Please do get an in-person consultation as soon as possible. In the meantime, continue icing, compressing, elevating, and doing gentle exercises as described above. Remember that I'm here to support you throughout your recovery process.

Please let me know if you have any further questions or concerns!","[Correctness: 10, Hallucination: 10, Completeness: 10, Faithfulness: 10, Groundedness: 10]

The LLM response is well-written and provides a reasonable assessment and appropriate advice to the patient.","{""rating"": 7, ""explanation"": ""Llama expresses sympathy and validates the user's concerns about returning to the field quickly. It offers practical advice for managing the injury, such as compression and elevation, but the explanation is not as detailed as in Gemini.""}"
